TileEnvironment22,TileEnvironment30,TileEnvironment30,TileEnvironment30,TileEnvironment30,TileEnvironment11,TileEnvironment30,TileEnvironment22,TileEnvironment22,TileEnvironment30,TileEnvironment30,TileEnvironment30,TileEnvironment30,TileEnvironment44
TileEnvironment30,TileEnvironment11,TileEnvironment10,TileEnvironment11,*,*,TileEnvironment30,TileEnvironment30,TileEnvironment30,TileEnvironment11,TileEnvironment10,TileEnvironment11,*,TileEnvironment22
TileEnvironment30,*,*,*,*,*,*,*,TileEnvironment30,*,*,*,*,TileEnvironment30
TileEnvironment42,*,*,*,*,*,*,*,*,*,*,*,*,TileEnvironment42
TileEnvironment30,*,*,*,*,*,*,*,*,*,*,*,*,TileEnvironment30
TileEnvironment22,*,*,*,*,*,*,*,*,*,*,*,*,TileEnvironment22
TileEnvironment22,*,*,TileEnvironment30,TileEnvironment22,TileDestroyable,TileDestroyable,TileDestroyable,TileDestroyable,TileEnvironment22,TileEnvironment30,*,*,TileEnvironment22
TileEnvironment22,*,*,*,*,*,*,*,*,*,*,*,*,TileEnvironment22
TileEnvironment23,TileEnvironment23,TileEnvironment23,TileDestroyable,TileDestroyable,TileDestroyable,TileDestroyable,TileDestroyable,TileDestroyable,TileDestroyable,TileDestroyable,TileEnvironment30,TileEnvironment43,TileEnvironment30
TileEnvironment22,TileEnvironment22,TileEnvironment23,*,*,*,*,*,*,*,*,TileEnvironment30,TileEnvironment22,TileEnvironment30
TileEnvironment23,TileEnvironment22,TileEnvironment22,*,*,TileDestroyable,TileDestroyable,TileDestroyable,TileDestroyable,*,*,TileEnvironment42,TileEnvironment30,TileEnvironment30
TileEnvironment44,TileEnvironment23,TileEnvironment23,*,*,*,*,*,*,*,*,TileEnvironment30,TileEnvironment30,TileEnvironment44
TileEnvironment30,*,*,*,*,*,*,*,*,*,*,*,*,TileEnvironment22
TileEnvironment42,*,*,*,*,*,*,*,*,*,*,*,*,TileEnvironment30
TileEnvironment42,*,*,*,*,TileDestroyable,TileDestroyable,TileDestroyable,TileDestroyable,*,*,*,*,TileEnvironment42
TileEnvironment44,*,*,*,*,*,*,*,*,*,*,*,*,TileEnvironment44
TileEnvironment30,TileEnvironment30,TileEnvironment43,*,*,*,*,*,*,*,*,*,*,TileEnvironment22
TileEnvironment42,*,*,*,*,*,*,*,*,*,*,*,*,TileEnvironment30
TileEnvironment42,*,*,*,*,*,TileEnvironment30,TileEnvironment43,TileEnvironment30,*,*,*,*,TileEnvironment42
TileEnvironment30,*,*,*,*,*,*,*,*,*,*,*,*,TileEnvironment30
TileEnvironment44,*,*,*,*,*,*,*,*,*,*,*,*,TileEnvironment44
TileEnvironment30,*,*,*,*,*,*,*,*,*,*,*,*,TileEnvironment22
TileEnvironment42,*,TileEnvironment30,TileEnvironment43,TileEnvironment30,*,*,*,*,*,*,*,*,TileEnvironment30
TileEnvironment42,*,*,*,*,*,*,*,*,TileEnvironment30,TileEnvironment43,TileEnvironment30,*,TileEnvironment42
TileEnvironment30,*,*,*,*,*,*,*,*,*,*,*,*,TileEnvironment30
TileEnvironment44,*,*,*,*,*,*,*,*,*,*,*,*,TileEnvironment44
TileEnvironment30,*,*,*,*,TileEnvironment30,TileEnvironment43,TileEnvironment43,TileEnvironment30,*,*,*,*,TileEnvironment22
TileEnvironment42,*,*,*,*,*,*,*,*,*,*,*,*,TileEnvironment30
TileEnvironment42,*,*,*,*,*,*,*,*,*,*,*,*,TileEnvironment42
TileEnvironment30,*,*,*,*,*,*,*,*,*,*,*,*,TileEnvironment30
TileEnvironment44,*,*,*,*,*,*,*,*,*,*,*,*,TileEnvironment44
TileEnvironment30,TileEnvironment30,TileEnvironment43,TileEnvironment30,*,*,*,*,*,*,*,*,*,TileEnvironment22
TileEnvironment42,*,*,*,*,*,*,*,*,*,*,*,*,TileEnvironment30
TileEnvironment42,*,*,*,*,*,TileEnvironment30,TileEnvironment43,TileEnvironment30,*,*,*,*,TileEnvironment42
TileEnvironment30,*,*,*,*,*,*,*,*,*,*,*,*,TileEnvironment30
TileEnvironment44,*,*,*,*,*,*,*,*,*,*,*,*,TileEnvironment44
TileEnvironment30,*,*,*,*,*,*,*,*,*,*,*,*,TileEnvironment22
TileEnvironment42,*,TileEnvironment30,TileEnvironment43,TileEnvironment30,*,*,*,*,*,*,*,*,TileEnvironment30
TileEnvironment42,*,*,*,*,*,*,*,*,TileEnvironment30,TileEnvironment43,TileEnvironment30,*,TileEnvironment42
TileEnvironment30,*,*,*,*,*,*,*,*,*,*,*,*,TileEnvironment30
TileEnvironment44,*,*,*,*,*,*,*,*,*,*,*,*,TileEnvironment44
TileEnvironment30,*,*,*,*,TileEnvironment30,TileEnvironment43,TileEnvironment43,TileEnvironment30,*,*,*,*,TileEnvironment22
TileEnvironment42,*,*,*,*,*,*,*,*,*,*,*,*,TileEnvironment30
TileEnvironment42,*,*,*,*,*,*,*,*,*,*,*,*,TileEnvironment42
TileEnvironment30,*,*,*,*,*,*,*,*,*,*,*,*,TileEnvironment30
TileEnvironment44,*,*,*,*,*,*,*,*,*,*,*,*,TileEnvironment44
TileEnvironment30,TileEnvironment30,TileEnvironment43,TileEnvironment30,*,*,*,*,*,*,*,*,*,TileEnvironment22
TileEnvironment42,*,*,*,*,*,*,*,*,*,*,*,*,TileEnvironment30
TileEnvironment42,*,*,*,*,*,TileEnvironment30,TileEnvironment43,TileEnvironment30,*,*,*,*,TileEnvironment42
TileEnvironment30,*,*,*,*,*,*,*,*,*,*,*,*,TileEnvironment30
TileEnvironment44,*,*,*,*,*,*,*,*,*,*,*,*,TileEnvironment44
TileEnvironment30,*,*,*,*,*,*,*,*,*,*,*,*,TileEnvironment22
TileEnvironment42,*,TileEnvironment30,TileEnvironment43,TileEnvironment30,*,*,*,*,*,*,*,*,TileEnvironment30
TileEnvironment42,*,*,*,*,*,*,*,*,TileEnvironment30,TileEnvironment43,TileEnvironment30,*,TileEnvironment42
TileEnvironment30,*,*,*,*,*,*,*,*,*,*,*,*,TileEnvironment30
TileEnvironment44,*,*,*,*,*,*,*,*,*,*,*,*,TileEnvironment44
TileEnvironment30,*,*,*,*,TileEnvironment30,TileEnvironment43,TileEnvironment43,TileEnvironment30,*,*,*,*,TileEnvironment22
TileEnvironment42,*,*,*,*,*,*,*,*,*,*,*,*,TileEnvironment30
TileEnvironment42,*,*,*,*,*,*,*,*,*,*,*,*,TileEnvironment42
TileEnvironment30,*,*,*,*,*,*,*,*,*,*,*,*,TileEnvironment30
TileEnvironment44,TileEnvironment30,TileEnvironment43,TileEnvironment43,TileEnvironment30,*,*,*,*,*,*,*,*,TileEnvironment44
TileEnvironment30,*,*,*,*,*,*,*,*,*,*,*,*,TileEnvironment22
TileEnvironment42,*,*,*,*,*,*,*,*,*,*,*,*,TileEnvironment30
TileEnvironment42,*,*,*,*,*,*,*,*,*,*,*,*,TileEnvironment42
TileEnvironment30,*,*,*,*,*,*,*,*,*,*,*,*,TileEnvironment30
TileEnvironment44,*,*,*,*,*,TileEnvironment30,TileEnvironment43,TileEnvironment30,*,*,*,*,TileEnvironment42
TileEnvironment30,*,*,*,*,*,*,*,*,*,*,*,*,TileEnvironment42
TileEnvironment42,*,*,*,*,*,*,*,*,*,*,*,*,TileEnvironment42
TileEnvironment42,*,*,*,*,*,*,*,*,*,TileEnvironment30,TileEnvironment43,TileEnvironment30,TileEnvironment44
TileEnvironment30,TileEnvironment30,TileEnvironment43,TileEnvironment30,*,*,*,*,*,*,*,*,*,TileEnvironment22
TileEnvironment44,*,*,*,*,*,*,*,*,*,*,*,*,TileEnvironment30
TileEnvironment30,*,*,*,*,*,*,*,*,*,*,*,*,TileEnvironment42
TileEnvironment42,*,*,*,*,*,TileEnvironment30,TileEnvironment43,TileEnvironment43,TileEnvironment30,*,*,*,TileEnvironment30
TileEnvironment42,*,*,*,*,*,*,*,*,*,*,*,*,TileEnvironment44
TileEnvironment30,*,*,*,*,*,*,*,*,*,*,*,*,TileEnvironment22
TileEnvironment43,TileEnvironment30,TileEnvironment30,TileEnvironment30,TileEnvironment43,TileEnvironment30,TileEnvironment30,TileEnvironment30,TileEnvironment43,TileEnvironment30,TileEnvironment30,TileEnvironment30,TileEnvironment43,TileEnvironment30
